Workbook

Sheet Instructions
A1: Rubrik Oracle Sizing -- Discovery Analysis Template
A3: How to use this workbook
A4: 1. Open rbkDiscovery.csv from the Oracle sizing scripts (dataCollector.sh output, collection scripts v2.1+). It is tab-delimited, not comma-delimited -- when importing, choose Tab as the field separator.
A5: 2. Delete the 6 example rows on the RawData tab (rows 2-7), then paste your real rbkDiscovery.csv rows starting at RawData!A2, keeping the same 40-column order.
A6: 3. Everything on the Summary tab recalculates automatically from RawData -- no other setup required.
A8: What CON_ID=0 means (collection scripts v2.1+)
A9: Every database now has exactly one row with CON_ID=0: for a standalone (11g-style) database that's its only row, already holding the whole database's data. For a CDB, it's an extra row the collection SQL adds, with CONNAME set to just the CDB name (the root's own name without the ".CDB$ROOT" suffix).
A10: Important: for a CDB, that CON_ID=0 row's storage columns (DBSIZETB, ALLOCATED_DBSIZETB, ENCRYPTEDDATASIZETB, and the tablespace/datafile/logfile/tempfile counts) hold only the SUM of the real PDBs (CON_ID>2) -- the root's own consumption (SYSTEM/SYSAUX, etc.) is still a separate CON_ID=1 row. So the correct whole-database total for those columns is CON_ID=0 + CON_ID=1 together, not CON_ID=0 alone. Every capacity total on the Summary tab is written this way (CON_ID<=1).
A11: DAILYREDOSIZETB is different: the CON_ID=0 row's value is a straight copy of the root's value (the root already holds the CDB-wide redo total), not a sum of the PDBs. Adding CON_ID=1 and CON_ID=0 together for this column would double the same number, so redo totals use CON_ID=0 alone.
A12: BIGGESTBIGFILEGB, GOLDENGATE, and EXADATAENABLED on the CON_ID=0 row are already MAX(root, every PDB) -- i.e. "true/largest anywhere in this database" -- so those also use CON_ID=0 alone. Every other column on the CON_ID=0 row (HOSTNAME, DBEDITION, RACENABLED, SGA/PGA sizes, etc.) is a plain copy of the root's value, so counting "how many databases have X" also uses CON_ID=0 alone -- counting CON_ID=1 as well would double-count every CDB that already matches on its root.
A14: Why PDB$SEED and individual PDB rows are excluded from headline totals
A15: PDB$SEED is Oracle's read-only PDB template, not customer data. Individual PDB rows (CON_ID>2) are still shown in RawData for reference, but they are excluded from every Summary/Top Databases total, because their data is already included in their CDB's CON_ID=0 rollup row -- counting both would double-count every PDB.
... A24: RawData columns AO/AP/AQ/AR are helper formulas pre-filled through row 5000, supporting up to 4999 collected rows. If you ever paste more than that, copy row 5000's helper formulas down to cover the extra rows.

Sheet RawData
A1: CON_ID | B1: CONNAME | C1: DBSIZETB | D1: ALLOCATED_DBSIZETB | E1: BIGGESTBIGFILEGB | F1: DAILYCHANGERATE | G1: DAILYREDOSIZETB | H1: DATAFILECOUNT | I1: HOSTNAME | J1: INSTNAME | K1: DBVERSION | L1: DBEDITION | M1: PLATFORMNAME | N1: DBNAME | O1: DBUNIQUENAME | P1: DBID | Q1: FLASHBACKENABLED | R1: ARCHIVELOGENABLED | S1: SPFILE | T1: PATCHLEVEL | U1: CPUCOUNT | V1: BLOCKSIZE | W1: RACENABLED | X1: SGAMAXSIZEGB | Y1: SGATARGETGB | Z1: PGAAGGREGATETARGETGB | AA1: PHYSMEMORYGB | AB1: DNFSENABLED | AC1: GOLDENGATE | AD1: EXADATAENABLED | AE1: BCTENABLED | AF1: LOGARCHIVECONFIG | AG1: ARCHIVELAGTARGET | AH1: TABLESPACECOUNT | AI1: ENCRYPTEDTABLESPACECOUNT | AJ1: ENCRYPTEDDATASIZETB | AK1: BIGFILETABLESPACECOUNT | AL1: BIGFILEDATASIZEGB | AM1: LOGFILECOUNT | AN1: TEMPFILECOUNT | AO1: DB_TOTAL_DBSIZETB (whole-database DBSIZETB, CON_ID=0 rows only) | AP1: DB_TOTAL_DATAFILECOUNT (whole-database DATAFILECOUNT, CON_ID=0 rows only) | AQ1: DB_TOTAL_ALLOCATED_DBSIZETB (whole-database ALLOCATED_DBSIZETB, CON_ID=0 rows only) | AR1: DB_DAILY_CHANGE_RATE (DAILYREDOSIZETB / ALLOCATED_DBSIZETB, CON_ID=0 rows only) | AS1: <- delete example rows 2-7 and paste real rbkDiscovery.csv rows here
A2: 1 | B2: PRODCDB.CDB$ROOT | C2: 0.05 | D2: 0.08 | E2: 0.5 | F2: 0.0021 | G2: 0.0009 | H2: 12 | I2: example-host-1 | J2: prodcdb1 | K2: 19.20.0.0.0 | L2: EE | M2: Linux x86 64-bit | N2: PRODCDB | O2: prodcdb_site1 | P2: 3312541098 | Q2: NO | R2: ARCHIVELOG | S2: YES | T2: OJVM RELEASE UPDATE 19.20 | U2: 16 | V2: 8192 | W2: TRUE | X2: 0.032 | Y2: 0.032 | Z2: 0.016 | AA2: 0.256 | AB2: NO | AC2: NO | AD2: NO | AE2: ENABLED | AF2: NO | AG2: 900 | AH2: 4 | AI2: 0 | AJ2: 0 | AK2: 0 | AL2: 0 | AM2: 4 | AN2: 2 | AO2: =IF($A2="","",IF($A2<>0,"",$C2+SUMIFS($C$2:$C$5000,$A$2:$A$5000,1,$I$2:$I$5000,$I2,$O$2:$O$5000,$O2))) | AP2: =IF($A2="","",IF($A2<>0,"",$H2+SUMIFS($H$2:$H$5000,$A$2:$A$5000,1,$I$2:$I$5000,$I2,$O$2:$O$5000,$O2))) | AQ2: =IF($A2="","",IF($A2<>0,"",$D2+SUMIFS($D$2:$D$5000,$A$2:$A$5000,1,$I$2:$I$5000,$I2,$O$2:$O$5000,$O2))) | AR2: =IF($A2="","",IF($A2<>0,"",IF($D2=0,0,$G2/$D2)))
A3: 2 | B3: PRODCDB.PDB$SEED | C3: 0.003 | D3: 0.004 | E3: 0.01 | F3: 0 | G3: 0 | H3: 4 | I3: example-host-1 | J3: prodcdb1 | K3: 19.20.0.0.0 | L3: EE | M3: Linux x86 64-bit | N3: PRODCDB | O3: prodcdb_site1 | P3: 3312541098 | Q3: NO | R3: ARCHIVELOG | S3: YES | T3: OJVM RELEASE UPDATE 19.20 | U3: 16 | V3: 8192 | W3: TRUE | X3: 0.032 | Y3: 0.032 | Z3: 0.016 | AA3: 0.256 | AB3: NO | AC3: NO | AD3: NO | AE3: ENABLED | AF3: NO | AG3: 900 | AH3: 3 | AI3: 0 | AJ3: 0 | AK3: 0 | AL3: 0 | AM3: 3 | AN3: 1 | AO3: =IF($A3="","",IF($A3<>0,"",$C3+SUMIFS($C$2:$C$5000,$A$2:$A$5000,1,$I$2:$I$5000,$I3,$O$2:$O$5000,$O3))) | AP3: =IF($A3="","",IF($A3<>0,"",$H3+SUMIFS($H$2:$H$5000,$A$2:$A$5000,1,$I$2:$I$5000,$I3,$O$2:$O$5000,$O3))) | AQ3: =IF($A3="","",IF($A3<>0,"",$D3+SUMIFS($D$2:$D$5000,$A$2:$A$5000,1,$I$2:$I$5000,$I3,$O$2:$O$5000,$O3))) | AR3: =IF($A3="","",IF($A3<>0,"",IF($D3=0,0,$G3/$D3)))
A4: 3 | B4: PRODCDB.APPPDB1 | C4: 1.85 | D4: 2.1 | E4: 0.35 | F4: 0.0187 | G4: 0.045 | H4: 9 | I4: example-host-1 | J4: prodcdb1 | K4: 19.20.0.0.0 | L4: EE | M4: Linux x86 64-bit | N4: PRODCDB | O4: prodcdb_site1 | P4: 3312541098 | Q4: NO | R4: ARCHIVELOG | S4: YES | T4: OJVM RELEASE UPDATE 19.20 | U4: 16 | V4: 8192 | W4: TRUE | X4: 0.032 | Y4: 0.032 | Z4: 0.016 | AA4: 0.256 | AB4: NO | AC4: NO | AD4: NO | AE4: ENABLED | AF4: NO | AG4: 900 | AH4: 6 | AI4: 2 | AJ4: 0.6 | AK4: 1 | AL4: 1.85 | AM4: 6 | AN4: 2 | AO4: =IF($A4="","",IF($A4<>0,"",$C4+SUMIFS($C$2:$C$5000,$A$2:$A$5000,1,$I$2:$I$5000,$I4,$O$2:$O$5000,$O4))) | AP4: =IF($A4="","",IF($A4<>0,"",$H4+SUMIFS($H$2:$H$5000,$A$2:$A$5000,1,$I$2:$I$5000,$I4,$O$2:$O$5000,$O4))) | AQ4: =IF($A4="","",IF($A4<>0,"",$D4+SUMIFS($D$2:$D$5000,$A$2:$A$5000,1,$I$2:$I$5000,$I4,$O$2:$O$5000,$O4))) | AR4: =IF($A4="","",IF($A4<>0,"",IF($D4=0,0,$G4/$D4)))
A5: 4 | B5: PRODCDB.APPPDB2 | C5: 0.62 | D5: 0.75 | E5: 0.12 | F5: 0.0093 | G5: 0.012 | H5: 6 | I5: example-host-1 | J5: prodcdb1 | K5: 19.20.0.0.0 | L5: EE | M5: Linux x86 64-bit | N5: PRODCDB | O5: prodcdb_site1 | P5: 3312541098 | Q5: NO | R5: ARCHIVELOG | S5: YES | T5: OJVM RELEASE UPDATE 19.20 | U5: 16 | V5: 8192 | W5: TRUE | X5: 0.032 | Y5: 0.032 | Z5: 0.016 | AA5: 0.256 | AB5: NO | AC5: NO | AD5: NO | AE5: ENABLED | AF5: NO | AG5: 900 | AH5: 5 | AI5: 0 | AJ5: 0 | AK5: 0 | AL5: 0 | AM5: 5 | AN5: 2 | AO5: =IF($A5="","",IF($A5<>0,"",$C5+SUMIFS($C$2:$C$5000,$A$2:$A$5000,1,$I$2:$I$5000,$I5,$O$2:$O$5000,$O5))) | AP5: =IF($A5="","",IF($A5<>0,"",$H5+SUMIFS($H$2:$H$5000,$A$2:$A$5000,1,$I$2:$I$5000,$I5,$O$2:$O$5000,$O5))) | AQ5: =IF($A5="","",IF($A5<>0,"",$D5+SUMIFS($D$2:$D$5000,$A$2:$A$5000,1,$I$2:$I$5000,$I5,$O$2:$O$5000,$O5))) | AR5: =IF($A5="","",IF($A5<>0,"",IF($D5=0,0,$G5/$D5)))
A6: 0 | B6: PRODCDB | C6: 2.47 | D6: 2.85 | E6: 0.5 | G6: 0.0009 | H6: 15 | I6: example-host-1 | J6: prodcdb1 | K6: 19.20.0.0.0 | L6: EE | M6: Linux x86 64-bit | N6: PRODCDB | O6: prodcdb_site1 | P6: 3312541098 | Q6: NO | R6: ARCHIVELOG | S6: YES | T6: OJVM RELEASE UPDATE 19.20 | U6: 16 | V6: 8192 | W6: TRUE | X6: 0.032 | Y6: 0.032 | Z6: 0.016 | AA6: 0.256 | AB6: NO | AC6: NO | AD6: NO | AE6: ENABLED | AF6: NO | AG6: 900 | AH6: 11 | AI6: 2 | AJ6: 0.6 | AK6: 1 | AL6: 1.85 | AM6: 11 | AN6: 4 | AO6: =IF($A6="","",IF($A6<>0,"",$C6+SUMIFS($C$2:$C$5000,$A$2:$A$5000,1,$I$2:$I$5000,$I6,$O$2:$O$5000,$O6))) | AP6: =IF($A6="","",IF($A6<>0,"",$H6+SUMIFS($H$2:$H$5000,$A$2:$A$5000,1,$I$2:$I$5000,$I6,$O$2:$O$5000,$O6))) | AQ6: =IF($A6="","",IF($A6<>0,"",$D6+SUMIFS($D$2:$D$5000,$A$2:$A$5000,1,$I$2:$I$5000,$I6,$O$2:$O$5000,$O6))) | AR6: =IF($A6="","",IF($A6<>0,"",IF($D6=0,0,$G6/$D6)))
A7: 0 | B7: LEGACYDB | C7: 3.4 | D7: 4.2 | E7: 0.9 | F7: 0.0512 | G7: 1.9 | H7: 22 | I7: example-host-2 | J7: legacydb | K7: 112 | L7: EE | M7: Linux x86 64-bit | N7: LEGACYDB | O7: legacydb | P7: 1998450213 | Q7: NO | R7: ARCHIVELOG | S7: YES | T7: PSU 11.2.0.4.191015 | U7: 8 | V7: 8192 | W7: FALSE | X7: 0.016 | Y7: 0.016 | Z7: 0.008 | AA7: 0.128 | AB7: NO | AC7: NO | AD7: NO | AE7: DISABLED | AF7: NO | AG7: 0 | AH7: 9 | AI7: 0 | AJ7: 0 | AK7: 0 | AL7: 0 | AM7: 3 | AN7: 3 | AO7: =IF($A7="","",IF($A7<>0,"",$C7+SUMIFS($C$2:$C$5000,$A$2:$A$5000,1,$I$2:$I$5000,$I7,$O$2:$O$5000,$O7))) | AP7: =IF($A7="","",IF($A7<>0,"",$H7+SUMIFS($H$2:$H$5000,$A$2:$A$5000,1,$I$2:$I$5000,$I7,$O$2:$O$5000,$O7))) | AQ7: =IF($A7="","",IF($A7<>0,"",$D7+SUMIFS($D$2:$D$5000,$A$2:$A$5000,1,$I$2:$I$5000,$I7,$O$2:$O$5000,$O7))) | AR7: =IF($A7="","",IF($A7<>0,"",IF($D7=0,0,$G7/$D7)))
AO8: =IF($A8="","",IF($A8<>0,"",$C8+SUMIFS($C$2:$C$5000,$A$2:$A$5000,1,$I$2:$I$5000,$I8,$O$2:$O$5000,$O8))) | AP8: =IF($A8="","",IF($A8<>0,"",$H8+SUMIFS($H$2:$H$5000,$A$2:$A$5000,1,$I$2:$I$5000,$I8,$O$2:$O$5000,$O8))) | AQ8: =IF($A8="","",IF($A8<>0,"",$D8+SUMIFS($D$2:$D$5000,$A$2:$A$5000,1,$I$2:$I$5000,$I8,$O$2:$O$5000,$O8))) | AR8: =IF($A8="","",IF($A8<>0,"",IF($D8=0,0,$G8/$D8)))
AO9: =IF($A9="","",IF($A9<>0,"",$C9+SUMIFS($C$2:$C$5000,$A$2:$A$5000,1,$I$2:$I$5000,$I9,$O$2:$O$5000,$O9))) | AP9: =IF($A9="","",IF($A9<>0,"",$H9+SUMIFS($H$2:$H$5000,$A$2:$A$5000,1,$I$2:$I$5000,$I9,$O$2:$O$5000,$O9))) | AQ9: =IF($A9="","",IF($A9<>0,"",$D9+SUMIFS($D$2:$D$5000,$A$2:$A$5000,1,$I$2:$I$5000,$I9,$O$2:$O$5000,$O9))) | AR9: =IF($A9="","",IF($A9<>0,"",IF($D9=0,0,$G9/$D9)))
AO10: =IF($A10="","",IF($A10<>0,"",$C10+SUMIFS($C$2:$C$5000,$A$2:$A$5000,1,$I$2:$I$5000,$I10,$O$2:$O$5000,$O10))) | AP10: =IF($A10="","",IF($A10<>0,"",$H10+SUMIFS($H$2:$H$5000,$A$2:$A$5000,1,$I$2:$I$5000,$I10,$O$2:$O$5000,$O10))) | AQ10: =IF($A10="","",IF($A10<>0,"",$D10+SUMIFS($D$2:$D$5000,$A$2:$A$5000,1,$I$2:$I$5000,$I10,$O$2:$O$5000,$O10))) | AR10: =IF($A10="","",IF($A10<>0,"",IF($D10=0,0,$G10/$D10)))
AO11: =IF($A11="","",IF($A11<>0,"",$C11+SUMIFS($C$2:$C$5000,$A$2:$A$5000,1,$I$2:$I$5000,$I11,$O$2:$O$5000,$O11))) | AP11: =IF($A11="","",IF($A11<>0,"",$H11+SUMIFS($H$2:$H$5000,$A$2:$A$5000,1,$I$2:$I$5000,$I11,$O$2:$O$5000,$O11))) | AQ11: =IF($A11="","",IF($A11<>0,"",$D11+SUMIFS($D$2:$D$5000,$A$2:$A$5000,1,$I$2:$I$5000,$I11,$O$2:$O$5000,$O11))) | AR11: =IF($A11="","",IF($A11<>0,"",IF($D11=0,0,$G11/$D11)))
AO12: =IF($A12="","",IF($A12<>0,"",$C12+SUMIFS($C$2:$C$5000,$A$2:$A$5000,1,$I$2:$I$5000,$I12,$O$2:$O$5000,$O12))) | AP12: =IF($A12="","",IF($A12<>0,"",$H12+SUMIFS($H$2:$H$5000,$A$2:$A$5000,1,$I$2:$I$5000,$I12,$O$2:$O$5000,$O12))) | AQ12: =IF($A12="","",IF($A12<>0,"",$D12+SUMIFS($D$2:$D$5000,$A$2:$A$5000,1,$I$2:$I$5000,$I12,$O$2:$O$5000,$O12))) | AR12: =IF($A12="","",IF($A12<>0,"",IF($D12=0,0,$G12/$D12)))
AO13: =IF($A13="","",IF($A13<>0,"",$C13+SUMIFS($C$2:$C$5000,$A$2:$A$5000,1,$I$2:$I$5000,$I13,$O$2:$O$5000,$O13))) | AP13: =IF($A13="","",IF($A13<>0,"",$H13+SUMIFS($H$2:$H$5000,$A$2:$A$5000,1,$I$2:$I$5000,$I13,$O$2:$O$5000,$O13))) | AQ13: =IF($A13="","",IF($A13<>0,"",$D13+SUMIFS($D$2:$D$5000,$A$2:$A$5000,1,$I$2:$I$5000,$I13,$O$2:$O$5000,$O13))) | AR13: =IF($A13="","",IF($A13<>0,"",IF($D13=0,0,$G13/$D13)))
AO14: =IF($A14="","",IF($A14<>0,"",$C14+SUMIFS($C$2:$C$5000,$A$2:$A$5000,1,$I$2:$I$5000,$I14,$O$2:$O$5000,$O14))) | AP14: =IF($A14="","",IF($A14<>0,"",$H14+SUMIFS($H$2:$H$5000,$A$2:$A$5000,1,$I$2:$I$5000,$I14,$O$2:$O$5000,$O14))) | AQ14: =IF($A14="","",IF($A14<>0,"",$D14+SUMIFS($D$2:$D$5000,$A$2:$A$5000,1,$I$2:$I$5000,$I14,$O$2:$O$5000,$O14))) | AR14: =IF($A14="","",IF($A14<>0,"",IF($D14=0,0,$G14/$D14)))
AO15: =IF($A15="","",IF($A15<>0,"",$C15+SUMIFS($C$2:$C$5000,$A$2:$A$5000,1,$I$2:$I$5000,$I15,$O$2:$O$5000,$O15))) | AP15: =IF($A15="","",IF($A15<>0,"",$H15+SUMIFS($H$2:$H$5000,$A$2:$A$5000,1,$I$2:$I$5000,$I15,$O$2:$O$5000,$O15))) | AQ15: =IF($A15="","",IF($A15<>0,"",$D15+SUMIFS($D$2:$D$5000,$A$2:$A$5000,1,$I$2:$I$5000,$I15,$O$2:$O$5000,$O15))) | AR15: =IF($A15="","",IF($A15<>0,"",IF($D15=0,0,$G15/$D15)))
AO16: =IF($A16="","",IF($A16<>0,"",$C16+SUMIFS($C$2:$C$5000,$A$2:$A$5000,1,$I$2:$I$5000,$I16,$O$2:$O$5000,$O16))) | AP16: =IF($A16="","",IF($A16<>0,"",$H16+SUMIFS($H$2:$H$5000,$A$2:$A$5000,1,$I$2:$I$5000,$I16,$O$2:$O$5000,$O16))) | AQ16: =IF($A16="","",IF($A16<>0,"",$D16+SUMIFS($D$2:$D$5000,$A$2:$A$5000,1,$I$2:$I$5000,$I16,$O$2:$O$5000,$O16))) | AR16: =IF($A16="","",IF($A16<>0,"",IF($D16=0,0,$G16/$D16)))
AO17: =IF($A17="","",IF($A17<>0,"",$C17+SUMIFS($C$2:$C$5000,$A$2:$A$5000,1,$I$2:$I$5000,$I17,$O$2:$O$5000,$O17))) | AP17: =IF($A17="","",IF($A17<>0,"",$H17+SUMIFS($H$2:$H$5000,$A$2:$A$5000,1,$I$2:$I$5000,$I17,$O$2:$O$5000,$O17))) | AQ17: =IF($A17="","",IF($A17<>0,"",$D17+SUMIFS($D$2:$D$5000,$A$2:$A$5000,1,$I$2:$I$5000,$I17,$O$2:$O$5000,$O17))) | AR17: =IF($A17="","",IF($A17<>0,"",IF($D17=0,0,$G17/$D17)))
AO18: =IF($A18="","",IF($A18<>0,"",$C18+SUMIFS($C$2:$C$5000,$A$2:$A$5000,1,$I$2:$I$5000,$I18,$O$2:$O$5000,$O18))) | AP18: =IF($A18="","",IF($A18<>0,"",$H18+SUMIFS($H$2:$H$5000,$A$2:$A$5000,1,$I$2:$I$5000,$I18,$O$2:$O$5000,$O18))) | AQ18: =IF($A18="","",IF($A18<>0,"",$D18+SUMIFS($D$2:$D$5000,$A$2:$A$5000,1,$I$2:$I$5000,$I18,$O$2:$O$5000,$O18))) | AR18: =IF($A18="","",IF($A18<>0,"",IF($D18=0,0,$G18/$D18)))
AO19: =IF($A19="","",IF($A19<>0,"",$C19+SUMIFS($C$2:$C$5000,$A$2:$A$5000,1,$I$2:$I$5000,$I19,$O$2:$O$5000,$O19))) | AP19: =IF($A19="","",IF($A19<>0,"",$H19+SUMIFS($H$2:$H$5000,$A$2:$A$5000,1,$I$2:$I$5000,$I19,$O$2:$O$5000,$O19))) | AQ19: =IF($A19="","",IF($A19<>0,"",$D19+SUMIFS($D$2:$D$5000,$A$2:$A$5000,1,$I$2:$I$5000,$I19,$O$2:$O$5000,$O19))) | AR19: =IF($A19="","",IF($A19<>0,"",IF($D19=0,0,$G19/$D19)))
... AO5000: =IF($A5000="","",IF($A5000<>0,"",$C5000+SUMIFS($C$2:$C$5000,$A$2:$A$5000,1,$I$2:$I$5000,$I5000,$O$2:$O$5000,$O5000))) | AP5000: =IF($A5000="","",IF($A5000<>0,"",$H5000+SUMIFS($H$2:$H$5000,$A$2:$A$5000,1,$I$2:$I$5000,$I5000,$O$2:$O$5000,$O5000))) | AQ5000: =IF($A5000="","",IF($A5000<>0,"",$D5000+SUMIFS($D$2:$D$5000,$A$2:$A$5000,1,$I$2:$I$5000,$I5000,$O$2:$O$5000,$O5000))) | AR5000: =IF($A5000="","",IF($A5000<>0,"",IF($D5000=0,0,$G5000/$D5000)))

Sheet Summary
B1: Rubrik Oracle Sizing -- Summary
B2: Recalculates automatically as RawData changes. See the Instructions tab for methodology.
B4: Footprint
B5: Total number of databases | C5: Distinct hosts
B6: =COUNTIFS(RawData!$A$2:$A$5000, "<>", RawData!$A$2:$A$5000, "=0") | C6: =COUNTA(_xlfn._xlws.UNIQUE(_xlfn._xlws.FILTER(RawData!$I$2:$I$5000,(RawData!$A$2:$A$5000=0)*(RawData!$I$2:$I$5000<>""))))
B8: Storage (TB unless noted) -- root + CDB rollup together, per database
B9: Total used (DBSIZETB) | C9: Total allocated (ALLOCATED_DBSIZETB) | D9: Total encrypted (ENCRYPTEDDATASIZETB) | E9: % of used storage encrypted | F9: Total capacity less encrypted
B10: =SUMIFS(RawData!$C$2:$C$5000, RawData!$A$2:$A$5000, "<>", RawData!$A$2:$A$5000, "<=1") | C10: =SUMIFS(RawData!$D$2:$D$5000, RawData!$A$2:$A$5000, "<>", RawData!$A$2:$A$5000, "<=1") | D10: =SUMIFS(RawData!$AJ$2:$AJ$5000, RawData!$A$2:$A$5000, "<>", RawData!$A$2:$A$5000, "<=1") | E10: =IF(B10=0,0,D10/B10) | F10: =B10-D10
B12: Daily change -- see Instructions for why redo/change-rate scopes differ
B13: Total daily redo (TB/day, per database) | C13: Avg daily change rate (per container) | D13: Max daily change rate (per container) | E13: Encrypted daily log capacity | F13: Daily log capacity less encrypted
B14: =SUMIFS(RawData!$G$2:$G$5000, RawData!$A$2:$A$5000, "<>", RawData!$A$2:$A$5000, "=0") | C14: =AVERAGEIFS(RawData!$F$2:$F$5000, RawData!$B$2:$B$5000, "<>", RawData!$B$2:$B$5000, "<>*PDB$SEED*") | D14: =_xlfn.MAXIFS(RawData!$F$2:$F$5000, RawData!$B$2:$B$5000, "<>", RawData!$B$2:$B$5000, "<>*PDB$SEED*") | E14: =IF(C10=0,0,D10/C10)*B14 | F14: =B14-E14
B16: Non-compressible summary (encryption defeats dedup/compression)
B17: Total encrypted data size (TB) | C17: Encrypted daily log capacity (TB)
B18: =D10 | C18: =E14
B20: Extremes (per database)
B21: Size of largest database (TB) | C21: Max datafiles in a given database | D21: Largest single datafile (GB)
B22: =MAX(RawData!$AO$2:$AO$5000) | C22: =MAX(RawData!$AP$2:$AP$5000) | D22: =MAX(_xlfn.MAXIFS(RawData!$E$2:$E$5000, RawData!$A$2:$A$5000, "<>", RawData!$A$2:$A$5000, "=0"), 32)
B24: Feature adoption (database count)
B25: Exadata | C25: GoldenGate / standby | D25: Block change tracking | E25: dNFS | F25: RAC | G25: DataGuard
B26: =COUNTIFS(RawData!$AD$2:$AD$5000, "YES", RawData!$A$2:$A$5000, "<>", RawData!$A$2:$A$5000, "=0") | C26: =COUNTIFS(RawData!$AC$2:$AC$5000, "YES", RawData!$A$2:$A$5000, "<>", RawData!$A$2:$A$5000, "=0") | D26: =COUNTIFS(RawData!$AE$2:$AE$5000, "ENABLED", RawData!$A$2:$A$5000, "<>", RawData!$A$2:$A$5000, "=0") | E26: =COUNTIFS(RawData!$AB$2:$AB$5000, "YES", RawData!$A$2:$A$5000, "<>", RawData!$A$2:$A$5000, "=0") | F26: =COUNTIFS(RawData!$W$2:$W$5000, "TRUE", RawData!$A$2:$A$5000, "<>", RawData!$A$2:$A$5000, "=0") | G26: =COUNTIFS(RawData!$AF$2:$AF$5000, "*DG_CONFIG=(*", RawData!$A$2:$A$5000, "<>", RawData!$A$2:$A$5000, "=0")

Sheet Top Databases
A1: Top 15 databases by whole-database used storage (root + CDB rollup)
A2: Ranked using RawData!AO (DB_TOTAL_DBSIZETB), which already combines each CDB's root with its rollup row -- see the Instructions tab.
A3: Rank | B3: Database | C3: Host | D3: Used TB | E3: Allocated TB | F3: Datafile Count
A4: 1 | B4: =IFERROR(INDEX(RawData!$B$2:$B$5000,MATCH(D4,RawData!$AO$2:$AO$5000,0)),"") | C4: =IFERROR(INDEX(RawData!$I$2:$I$5000,MATCH(D4,RawData!$AO$2:$AO$5000,0)),"") | D4: =IFERROR(LARGE(RawData!$AO$2:$AO$5000, A4),"") | E4: =IFERROR(INDEX(RawData!$AQ$2:$AQ$5000,MATCH(D4,RawData!$AO$2:$AO$5000,0)),"") | F4: =IFERROR(INDEX(RawData!$AP$2:$AP$5000,MATCH(D4,RawData!$AO$2:$AO$5000,0)),"")
A5: 2 | B5: =IFERROR(INDEX(RawData!$B$2:$B$5000,MATCH(D5,RawData!$AO$2:$AO$5000,0)),"") | C5: =IFERROR(INDEX(RawData!$I$2:$I$5000,MATCH(D5,RawData!$AO$2:$AO$5000,0)),"") | D5: =IFERROR(LARGE(RawData!$AO$2:$AO$5000, A5),"") | E5: =IFERROR(INDEX(RawData!$AQ$2:$AQ$5000,MATCH(D5,RawData!$AO$2:$AO$5000,0)),"") | F5: =IFERROR(INDEX(RawData!$AP$2:$AP$5000,MATCH(D5,RawData!$AO$2:$AO$5000,0)),"")
A6: 3 | B6: =IFERROR(INDEX(RawData!$B$2:$B$5000,MATCH(D6,RawData!$AO$2:$AO$5000,0)),"") | C6: =IFERROR(INDEX(RawData!$I$2:$I$5000,MATCH(D6,RawData!$AO$2:$AO$5000,0)),"") | D6: =IFERROR(LARGE(RawData!$AO$2:$AO$5000, A6),"") | E6: =IFERROR(INDEX(RawData!$AQ$2:$AQ$5000,MATCH(D6,RawData!$AO$2:$AO$5000,0)),"") | F6: =IFERROR(INDEX(RawData!$AP$2:$AP$5000,MATCH(D6,RawData!$AO$2:$AO$5000,0)),"")
A7: 4 | B7: =IFERROR(INDEX(RawData!$B$2:$B$5000,MATCH(D7,RawData!$AO$2:$AO$5000,0)),"") | C7: =IFERROR(INDEX(RawData!$I$2:$I$5000,MATCH(D7,RawData!$AO$2:$AO$5000,0)),"") | D7: =IFERROR(LARGE(RawData!$AO$2:$AO$5000, A7),"") | E7: =IFERROR(INDEX(RawData!$AQ$2:$AQ$5000,MATCH(D7,RawData!$AO$2:$AO$5000,0)),"") | F7: =IFERROR(INDEX(RawData!$AP$2:$AP$5000,MATCH(D7,RawData!$AO$2:$AO$5000,0)),"")
A8: 5 | B8: =IFERROR(INDEX(RawData!$B$2:$B$5000,MATCH(D8,RawData!$AO$2:$AO$5000,0)),"") | C8: =IFERROR(INDEX(RawData!$I$2:$I$5000,MATCH(D8,RawData!$AO$2:$AO$5000,0)),"") | D8: =IFERROR(LARGE(RawData!$AO$2:$AO$5000, A8),"") | E8: =IFERROR(INDEX(RawData!$AQ$2:$AQ$5000,MATCH(D8,RawData!$AO$2:$AO$5000,0)),"") | F8: =IFERROR(INDEX(RawData!$AP$2:$AP$5000,MATCH(D8,RawData!$AO$2:$AO$5000,0)),"")
A9: 6 | B9: =IFERROR(INDEX(RawData!$B$2:$B$5000,MATCH(D9,RawData!$AO$2:$AO$5000,0)),"") | C9: =IFERROR(INDEX(RawData!$I$2:$I$5000,MATCH(D9,RawData!$AO$2:$AO$5000,0)),"") | D9: =IFERROR(LARGE(RawData!$AO$2:$AO$5000, A9),"") | E9: =IFERROR(INDEX(RawData!$AQ$2:$AQ$5000,MATCH(D9,RawData!$AO$2:$AO$5000,0)),"") | F9: =IFERROR(INDEX(RawData!$AP$2:$AP$5000,MATCH(D9,RawData!$AO$2:$AO$5000,0)),"")
A10: 7 | B10: =IFERROR(INDEX(RawData!$B$2:$B$5000,MATCH(D10,RawData!$AO$2:$AO$5000,0)),"") | C10: =IFERROR(INDEX(RawData!$I$2:$I$5000,MATCH(D10,RawData!$AO$2:$AO$5000,0)),"") | D10: =IFERROR(LARGE(RawData!$AO$2:$AO$5000, A10),"") | E10: =IFERROR(INDEX(RawData!$AQ$2:$AQ$5000,MATCH(D10,RawData!$AO$2:$AO$5000,0)),"") | F10: =IFERROR(INDEX(RawData!$AP$2:$AP$5000,MATCH(D10,RawData!$AO$2:$AO$5000,0)),"")
A11: 8 | B11: =IFERROR(INDEX(RawData!$B$2:$B$5000,MATCH(D11,RawData!$AO$2:$AO$5000,0)),"") | C11: =IFERROR(INDEX(RawData!$I$2:$I$5000,MATCH(D11,RawData!$AO$2:$AO$5000,0)),"") | D11: =IFERROR(LARGE(RawData!$AO$2:$AO$5000, A11),"") | E11: =IFERROR(INDEX(RawData!$AQ$2:$AQ$5000,MATCH(D11,RawData!$AO$2:$AO$5000,0)),"") | F11: =IFERROR(INDEX(RawData!$AP$2:$AP$5000,MATCH(D11,RawData!$AO$2:$AO$5000,0)),"")
A12: 9 | B12: =IFERROR(INDEX(RawData!$B$2:$B$5000,MATCH(D12,RawData!$AO$2:$AO$5000,0)),"") | C12: =IFERROR(INDEX(RawData!$I$2:$I$5000,MATCH(D12,RawData!$AO$2:$AO$5000,0)),"") | D12: =IFERROR(LARGE(RawData!$AO$2:$AO$5000, A12),"") | E12: =IFERROR(INDEX(RawData!$AQ$2:$AQ$5000,MATCH(D12,RawData!$AO$2:$AO$5000,0)),"") | F12: =IFERROR(INDEX(RawData!$AP$2:$AP$5000,MATCH(D12,RawData!$AO$2:$AO$5000,0)),"")
A13: 10 | B13: =IFERROR(INDEX(RawData!$B$2:$B$5000,MATCH(D13,RawData!$AO$2:$AO$5000,0)),"") | C13: =IFERROR(INDEX(RawData!$I$2:$I$5000,MATCH(D13,RawData!$AO$2:$AO$5000,0)),"") | D13: =IFERROR(LARGE(RawData!$AO$2:$AO$5000, A13),"") | E13: =IFERROR(INDEX(RawData!$AQ$2:$AQ$5000,MATCH(D13,RawData!$AO$2:$AO$5000,0)),"") | F13: =IFERROR(INDEX(RawData!$AP$2:$AP$5000,MATCH(D13,RawData!$AO$2:$AO$5000,0)),"")
A14: 11 | B14: =IFERROR(INDEX(RawData!$B$2:$B$5000,MATCH(D14,RawData!$AO$2:$AO$5000,0)),"") | C14: =IFERROR(INDEX(RawData!$I$2:$I$5000,MATCH(D14,RawData!$AO$2:$AO$5000,0)),"") | D14: =IFERROR(LARGE(RawData!$AO$2:$AO$5000, A14),"") | E14: =IFERROR(INDEX(RawData!$AQ$2:$AQ$5000,MATCH(D14,RawData!$AO$2:$AO$5000,0)),"") | F14: =IFERROR(INDEX(RawData!$AP$2:$AP$5000,MATCH(D14,RawData!$AO$2:$AO$5000,0)),"")
A15: 12 | B15: =IFERROR(INDEX(RawData!$B$2:$B$5000,MATCH(D15,RawData!$AO$2:$AO$5000,0)),"") | C15: =IFERROR(INDEX(RawData!$I$2:$I$5000,MATCH(D15,RawData!$AO$2:$AO$5000,0)),"") | D15: =IFERROR(LARGE(RawData!$AO$2:$AO$5000, A15),"") | E15: =IFERROR(INDEX(RawData!$AQ$2:$AQ$5000,MATCH(D15,RawData!$AO$2:$AO$5000,0)),"") | F15: =IFERROR(INDEX(RawData!$AP$2:$AP$5000,MATCH(D15,RawData!$AO$2:$AO$5000,0)),"")
... A18: 15 | B18: =IFERROR(INDEX(RawData!$B$2:$B$5000,MATCH(D18,RawData!$AO$2:$AO$5000,0)),"") | C18: =IFERROR(INDEX(RawData!$I$2:$I$5000,MATCH(D18,RawData!$AO$2:$AO$5000,0)),"") | D18: =IFERROR(LARGE(RawData!$AO$2:$AO$5000, A18),"") | E18: =IFERROR(INDEX(RawData!$AQ$2:$AQ$5000,MATCH(D18,RawData!$AO$2:$AO$5000,0)),"") | F18: =IFERROR(INDEX(RawData!$AP$2:$AP$5000,MATCH(D18,RawData!$AO$2:$AO$5000,0)),"")
